ngram,count
добросовестность чистоплотность пунктуальность,1
чистоплотность пунктуальность осуществляет,1
пунктуальность осуществляет уборку,1
осуществляет уборку служебных,1
уборку служебных помещений,1
служебных помещений коридоров,1
помещений коридоров залов,1
коридоров залов цокольный,1
залов цокольный этаж,1
цокольный этаж лестниц,1
этаж лестниц санузлов,1
лестниц санузлов прилегающей,1
санузлов прилегающей территории,1
прилегающей территории удаляет,1
территории удаляет пыль,1
удаляет пыль подметает,1
пыль подметает моет,2
подметает моет вручную,2
рассмотрю кандидатку лет,1
кандидатку лет должность,1
лет должность администратор,1
должность администратор горничная,1
администратор горничная лет,1
горничная лет аналогичной,1
лет аналогичной должности,1
аналогичной должности встреча,1
должности встреча регистрация,1
встреча регистрация гостей,1
регистрация гостей обеспечение,1
гостей обеспечение комфортного,1
обеспечение комфортного проживания,1
комфортного проживания обработка,1
проживания обработка бронирований,1
обработка бронирований ведение,1
бронирований ведение документации,1
ведение документации контроль,1
документации контроль чистотой,1
контроль чистотой порядком,1
чистотой порядком отеле,1
аналогичный наличие рекомендаций,1
наличие рекомендаций наличие,1
рекомендаций наличие прав,1
наличие прав категории,1
прав категории вождения,1
категории вождения автомобилей,1
вождения автомобилей премиум,1
автомобилей премиум сегмента,1
премиум сегмента умение,1
сегмента умение пользоваться,1
умение пользоваться компьютером,1
пользоваться компьютером уверенный,1
компьютером уверенный пользователь,1
уверенный пользователь интернет,1
пользователь интернет ежедневные,1
интернет ежедневные поездки,1
ежедневные поездки личным,1
поездки личным поручениям,1
личным поручениям сопровождение,1
поручениям сопровождение членов,1
сопровождение членов семьи,1
членов семьи покупки,1
семьи покупки доставка,1
покупки доставка сотрудников,1
доставка сотрудников горничная,1
сотрудников горничная встречи,1
горничная встречи проводы,1
встречи проводы аэропортах,1
аккуратность пунктуальность исполнительность,1
пунктуальность исполнительность уборка,1
исполнительность уборка поддержание,1
уборка поддержание чистоты,3
поддержание чистоты офисе,1
офисной техники сканер,1
техники сканер принтер,1
сканер принтер программ,1
принтер программ microsoft,1
программ microsoft office,2
microsoft office word,2
office word excel,2
word excel пунктуальность,1
excel пунктуальность отзывчивость,1
пунктуальность отзывчивость оптимизм,1
отзывчивость оптимизм доверие,1
оптимизм доверие стрессоустойчивость,1
доверие стрессоустойчивость делового,1
стрессоустойчивость делового этикета,1
делового этикета организовывать,1
этикета организовывать работу,1
организовывать работу курьеров,1
работу курьеров контролировать,1
курьеров контролировать чистоту,1
контролировать чистоту офисе,1
чистоту офисе следить,1
офисе следить качеством,1
следить качеством уборщиц,1
качеством уборщиц обеспечивать,1
уборщиц обеспечивать сотрудников,1
обеспечивать сотрудников корпоративной,1
сотрудников корпоративной сотовой,1
корпоративной сотовой связью,1
сотовой связью оформлять,1
связью оформлять командировки,1
оформлять командировки подбирать,1
свидетельство профессии санитарка,1
профессии санитарка осуществляет,1
санитарка осуществляет уборку,1
осуществляет уборку закрепленных,1
уборку закрепленных ней,1
закрепленных ней помещений,1
ней помещений коридоров,1
помещений коридоров лестниц,1
коридоров лестниц также,1
лестниц также поддержание,1
также поддержание закрепленной,1
поддержание закрепленной территории,1
закрепленной территории чистоте,1
территории чистоте течение,1
чистоте течение рабочего,1
течение рабочего дня,3
аккуратность пунктуальность уборке,1
пунктуальность уборке плюсом,1
уборке плюсом чистоплотность,1
плюсом чистоплотность добросовестное,1
чистоплотность добросовестное отношение,1
добросовестное отношение работе,5
отношение работе ежедневная,1
работе ежедневная уборка,1
ежедневная уборка офисных,2
уборка офисных помещений,8
офисных помещений кабинеты,1
помещений кабинеты коридоры,2
кабинеты коридоры переговорные,1
коридоры переговорные кухня,1
переговорные кухня санузлы,1
кухня санузлы поддержание,1
санузлы поддержание чистоты,1
поддержание чистоты порядка,3
чистоты порядка течение,1
порядка течение рабочего,1
рабочего дня сухая,1
дня сухая влажная,1
ключевые навыки руководителя,1
навыки руководителя ахо,1
руководителя ахо мультизадачность,1
ахо мультизадачность стрессоустойчивость,1
мультизадачность стрессоустойчивость обычный,1
стрессоустойчивость обычный день,1
обычный день проблем,1
день проблем одновременно,1
проблем одновременно сломанного,1
одновременно сломанного принтера,1
сломанного принтера потопа,1
принтера потопа чай,1
потопа чай кофе,1
чай кофе печенки,1
кофе печенки фрукты,1
печенки фрукты подбор,1
фрукты подбор обучение,1
подбор обучение уборщицы,1
обучение уборщицы курьеры,1
уборщицы курьеры секретари,1
курьеры секретари мотивация,1
секретари мотивация аттестация,1
мотивация аттестация проведение,1
аттестация проведение оценки,1
проведение оценки подчиненных,1
коммуникабельность внимательность контроль,1
внимательность контроль хозяйством,1
контроль хозяйством соблюдние,1
хозяйством соблюдние порядка,1
соблюдние порядка чистоты,1
порядка чистоты территории,1
чистоты территории дома,1
аналогичной года физическая,1
года физическая выносливость,1
физическая выносливость пунктуальность,1
выносливость пунктуальность умение,1
пунктуальность умение работать,1
умение работать самостоятельно,3
работать самостоятельно уборка,1
самостоятельно уборка офисного,1
уборка офисного помещения,3
офисного помещения уборка,1
помещения уборка приемной,1
уборка приемной кабинеты,1
приемной кабинеты коридор,1
кабинеты коридор кухня,1
коридор кухня туалеты,1
кухня туалеты м2,1
туалеты м2 мытьё,1
м2 мытьё полов,1
мытьё полов окон,1
полов окон мебели,1
окон мебели вынос,1
мебели вынос мусора,1
коммуникабельны ориентированы результат,1
ориентированы результат умеете,1
результат умеете работать,1
умеете работать условиях,1
работать условиях многозадачности,2
условиях многозадачности быстро,1
многозадачности быстро ориентироваться,1
быстро ориентироваться ситуации,1
ориентироваться ситуации активность,1
ситуации активность стрессоустойчивость,1
активность стрессоустойчивость вежливость,1
стрессоустойчивость вежливость грамотность,1
вежливость грамотность желание,1
грамотность желание поддержание,1
желание поддержание объектов,1
поддержание объектов аренды,1
объектов аренды собственных,1
аренды собственных помещений,1
собственных помещений чистом,1
помещений чистом состоянии,1
чистом состоянии контроль,1
состоянии контроль работой,1
контроль работой уборщицы,1
работой уборщицы работа,1
уборщицы работа корпоративным,1
работа корпоративным сайтом,1
корпоративным сайтом внесение,1
сайтом внесение удаление,1
внесение удаление сотрудников,1
аккуратность исполнительность внимательность,1
исполнительность внимательность деталям,1
внимательность деталям ежедневная,1
деталям ежедневная сухая,1
ежедневная сухая влажная,3
сухая влажная уборка,4
влажная уборка помещений,2
уборка помещений протирка,1
помещений протирка мебели,1
протирка мебели дверей,1
мебели дверей подоконников,1
дверей подоконников поддержание,1
подоконников поддержание чистоты,1
поддержание чистоты санузлах,1
чистоты санузлах мытьё,1
санузлах мытьё пополнение,1
мытьё пополнение расходных,1
пополнение расходных материалов,1
аккуратость чистоплотность от5,1
чистоплотность от5 лет,1
от5 лет качестве,1
лет качестве горничной,1
качестве горничной больших,1
горничной больших площадях,1
больших площадях влажная,1
площадях влажная сухая,1
влажная сухая уборка,3
сухая уборка м2,1
уборка м2 горничная,1
м2 горничная убирает,1
горничная убирает этаж,1
убирает этаж смене,1
этаж смене работают,1
смене работают горничных,1
работают горничных одновременно,1
горничных одновременно каждая,1
одновременно каждая своем,1
отношение работе аккуратность,4
работе аккуратность исполнительность,4
аккуратность исполнительность неконфликтность,1
исполнительность неконфликтность опрятный,1
неконфликтность опрятный внешний,1
опрятный внешний вид,5
внешний вид клининге,2
вид клининге года,1
клининге года ежедневная,1
года ежедневная сухая,1
влажная уборка офисных,3
офисных помещений кабинет,1
помещений кабинет руководителя,1
кабинет руководителя сотрудников,1
руководителя сотрудников коридоров,1
сотрудников коридоров мини-кухни,1
коридоров мини-кухни уборка,1
мини-кухни уборка пыли,1
уборка пыли поддержание,1
пыли поддержание чистоты,1
поддержание чистоты офисной,1
пользоваться уборочным инвентарем,1
уборочным инвентарем средствами,1
инвентарем средствами механизированной,1
средствами механизированной уборки,1
механизированной уборки помещений,1
уборки помещений посудомоечными,1
помещений посудомоечными машинами,1
посудомоечными машинами стабильность,1
машинами стабильность доброжелательность,1
стабильность доброжелательность исполнительность,1
доброжелательность исполнительность порядочность,1
исполнительность порядочность аккуратность,1
порядочность аккуратность тактичность,1
аккуратность тактичность документально,1
тактичность документально подтвержденный,1
документально подтвержденный уборщицей,1
подтвержденный уборщицей уборка,1
уборщицей уборка офисных,1
офисных помещений сухая,2
помещений сухая влажная,2
сухая влажная вручную,1
влажная вручную или,1
вручную или помощью,2
или помощью уборочного,1
помощью уборочного инвентаря,1
уборочного инвентаря техники,1
инвентаря техники контроль,1
техники контроль наличия,1
контроль наличия расходных,3
наличия расходных материалов,3
расходных материалов бытовой,1
материалов бытовой химии,1
года личным помощником,1
личным помощником бизнес,1
помощником бизнес ассистентом,1
бизнес ассистентом возможность,1
ассистентом возможность связи,1
возможность связи могут,1
связи могут редкие,1
могут редкие запросы,1
редкие запросы вне,1
запросы вне рабочего,1
вне рабочего времени,1
рабочего времени ведение,1
времени ведение календаря,1
ведение календаря дней,1
календаря дней рождения,1
дней рождения партнеров,1
рождения партнеров курирование,1
партнеров курирование уборщицы,1
курирование уборщицы поиск,1
уборщицы поиск анализ,1
поиск анализ информации,1
анализ информации презентация,1
информации презентация выводов,1
презентация выводов работа,1
выводов работа сувенирной,1
работа сувенирной продукцией,1
сувенирной продукцией идеи,1
продукцией идеи поиск,1
уборке офисов аккуратность,1
офисов аккуратность чистоплотность,1
аккуратность чистоплотность чистящих,1
чистоплотность чистящих моющих,1
чистящих моющих средств,1
моющих средств сухая,1
средств сухая влажная,1
влажная уборка пола,1
уборка пола уборка,1
пола уборка санузлов,1
уборка санузлов вынос,1
санузлов вынос мусора,1
вынос мусора уборка,2
мусора уборка горизонтальных,1
уборка горизонтальных поверхностей,1
если каких-то знаний,1
каких-то знаний или,1
знаний или опыта,1
или опыта хватает,1
опыта хватает но,1
хватает но характер,1
но характер желание,1
характер желание учиться,1
желание учиться мы,1
учиться мы поможем,1
мы поможем нас,1
поможем нас принято,1
нас принято контроль,1
принято контроль уборки,1
контроль уборки домиков,1
уборки домиков чек-листам,1
домиков чек-листам помощь,1
чек-листам помощь горничным,1
помощь горничным крайней,1
горничным крайней необходимости,1
крайней необходимости наших,1
необходимости наших домах,1
наших домах мы,1
домах мы уделяем,1
мы уделяем особое,1
уделяем особое внимание,1
особое внимание идеальной,1
внимание идеальной чистоте,1
пк офисных программ,1
офисных программ умение,1
программ умение работать,1
умение работать оргтехникой,1
работать оргтехникой внимательность,1
оргтехникой внимательность тактичность,1
внимательность тактичность вежливость,1
тактичность вежливость эмоциональная,1
вежливость эмоциональная устойчивость,1
эмоциональная устойчивость информирует,1
устойчивость информирует клиентов,1
информирует клиентов возможности,1
клиентов возможности приобретения,1
возможности приобретения ими,1
приобретения ими дополнительных,1
ими дополнительных услуг,1
дополнительных услуг координирует,1
услуг координирует рабочие,1
координирует рабочие процессы,1
рабочие процессы горничных,1
процессы горничных пределах,1
горничных пределах своей,1
пределах своей компетенции,1
своей компетенции принимает,1
компетенции принимает составляет,1
принимает составляет соответствующие,1
управления отелем гостиничным,1
отелем гостиничным комплексом,1
гостиничным комплексом лет,1
комплексом лет практику,1
лет практику shelter,1
практику shelter travelline,1
shelter travelline ota,1
travelline ota прямыми,1
ota прямыми каналами,1
прямыми каналами сильные,1
каналами сильные управленческие,1
сильные управленческие навыки,1
управленческие навыки рост,1
навыки рост выручки,1
рост выручки загрузки,1
выручки загрузки adr,1
загрузки adr revpar,1
adr revpar регулярная,1
revpar регулярная аналитика,1
регулярная аналитика отчётность,1
аналитика отчётность хозяйственная,1
отчётность хозяйственная служба,1
хозяйственная служба горничные,1
служба горничные техническая,1
горничные техническая поддержка,1
техническая поддержка номеров,1
поддержка номеров чек-листы,1
номеров чек-листы ппр,1
администратором обязательно инициативность,1
обязательно инициативность исполнительность,1
инициативность исполнительность -коммуникабельность,1
исполнительность -коммуникабельность решение,1
-коммуникабельность решение текущих,1
решение текущих вопросов,1
текущих вопросов гостей,1
вопросов гостей обеспечение,1
гостей обеспечение комфорта,1
обеспечение комфорта отеле,1
комфорта отеле ночные,1
отеле ночные смены,1
ночные смены горничный,1
смены горничный работает,1
горничный работает поэтому,1
работает поэтому администратор,1
поэтому администратор самостоятельно,1
администратор самостоятельно обеспечивает,1
управляющим объектом завхозом,1
объектом завхозом администратором,1
завхозом администратором специалистом,1
администратором специалистом ахо,1
специалистом ахо или,1
ахо или прорабом,1
или прорабом лет,1
прорабом лет понимание,1
лет понимание строительных,1
понимание строительных процессов,1
строительных процессов технологий,1
процессов технологий ремонта,1
технологий ремонта эксплуатации,1
ремонта эксплуатации организация,1
эксплуатации организация контроль,1
организация контроль хозяйственного,1
контроль хозяйственного персонала,1
хозяйственного персонала уборщик,1
персонала уборщик дворник,1
уборщик дворник электрик,1
дворник электрик разнорабочие,1
электрик разнорабочие около,1
разнорабочие около человек,1
около человек подчинении,1
человек подчинении взаимодействие,1
подчинении взаимодействие арендодателями,1
взаимодействие арендодателями контролирующими,1
арендодателями контролирующими органами,1
многозадачность стрессоустойчивость неконфликтность,1
стрессоустойчивость неконфликтность аккуратность,1
неконфликтность аккуратность внимательность,1
аккуратность внимательность работе,1
внимательность работе заявками,1
работе заявками английский,1
заявками английский язык,1
английский язык другие,1
язык другие иностранные,1
другие иностранные языки,1
иностранные языки тоже,1
языки тоже будут,1
тоже будут плюсом,1
будут плюсом доброжелательность,1
плюсом доброжелательность формирование,1
доброжелательность формирование расписания,1
формирование расписания трансферов,1
расписания трансферов формирование,1
трансферов формирование списков,1
формирование списков уборки,1
списков уборки номеров,1
уборки номеров горничных,1
номеров горничных работа,1
горничных работа кассой,1
работа кассой приём,1
кассой приём звонков,1
приём звонков работа,1
звонков работа обращениями,1
работа обращениями гостей,1
внешний вид добросовестное,1
вид добросовестное отношение,1
аккуратность исполнительность клининге,1
исполнительность клининге приветствуется,1
клининге приветствуется но,1
приветствуется но обязателен,2
но обязателен ежедневная,1
обязателен ежедневная уборка,1
офисных помещений кухни,1
помещений кухни санузлов,1
кухни санузлов влажная,1
санузлов влажная уборка,1
влажная уборка полов,1
уборка полов поверхностей,1
полов поверхностей кухни,1
поверхностей кухни туалета,1
кухни туалета сбор,1
туалета сбор вынос,1
сбор вынос мусора,1
вынос мусора уход,1
мусора уход офисными,1
уход офисными растениями,1
аккуратность готовность физической,1
готовность физической работе,1
физической работе свежем,1
работе свежем воздухе,1
свежем воздухе исполнительность,1
воздухе исполнительность пунктуальность,1
исполнительность пунктуальность желание,1
пунктуальность желание работать,1
желание работать поддерживать,1
работать поддерживать чистоту,1
поддерживать чистоту ежедневная,1
чистоту ежедневная уборка,1
ежедневная уборка дворовой,1
уборка дворовой прилегающей,1
дворовой прилегающей территории,1
прилегающей территории сезонная,1
территории сезонная уборка,1
сезонная уборка снега,1
уборка снега листвы,1
снега листвы мусора,1
листвы мусора контроль,1
мусора контроль состоянием,1
контроль состоянием урн,1
состоянием урн своевременное,1
урн своевременное опустошение,1
аналогичной должности года,1
должности года основ,1
года основ клининга,1
основ клининга моющих,1
клининга моющих средств,1
моющих средств технологии,1
средств технологии применения,1
технологии применения организованность,1
применения организованность дисциплинированность,1
организованность дисциплинированность чистоплотность,1
дисциплинированность чистоплотность бесконфликтность,1
чистоплотность бесконфликтность однократная,1
бесконфликтность однократная влажная,1
однократная влажная уборка,1
офисных помещений кв,1
помещений кв удаление,1
кв удаление пыли,1
удаление пыли грязи,1
пыли грязи стен,1
грязи стен полов,1
стен полов оконных,1
полов оконных рам,1
оконных рам стекол,1
рам стекол дверных,1
стекол дверных блоков,1
дверных блоков ковролина,1
релевантный данной позиции,1
данной позиции года,1
позиции года организаторский,1
года организаторский талант,1
организаторский талант сообразительность,1
талант сообразительность эффективность,1
сообразительность эффективность положительный,1
эффективность положительный настрой,1
положительный настрой высокая,1
настрой высокая степень,1
высокая степень ответственности,1
степень ответственности инициативность,1
ответственности инициативность печенья,1
инициативность печенья конфет,1
печенья конфет фруктов,1
конфет фруктов поддержание,1
фруктов поддержание общего,1
поддержание общего порядка,1
общего порядка офисе,1
порядка офисе контроль,1
офисе контроль уборщиц,1
контроль уборщиц бц,1
уборщиц бц ведением,1
бц ведением документооборота,1
ведением документооборота компании,1
документооборота компании приказы,1
компании приказы реестр,1
приказы реестр договоров,1
реестр договоров выставление,1
договоров выставление счетов,1
готовность доступным онлайн,1
доступным онлайн рабочие,1
онлайн рабочие часы,1
рабочие часы принимать,1
часы принимать заявки,1
принимать заявки удаленно,1
заявки удаленно сопровождать,1
удаленно сопровождать заселения,1
сопровождать заселения отвечать,1
заселения отвечать сообщения,1
отвечать сообщения течение,1
сообщения течение минут,1
течение минут вести,1
минут вести учет,1
вести учет бронирований,1
учет бронирований проблем,1
бронирований проблем пожеланий,1
проблем пожеланий гостей,1
пожеланий гостей контролировать,1
гостей контролировать состояние,1
контролировать состояние апартаментов,1
состояние апартаментов работу,1
апартаментов работу горничной,1
работу горничной тех,1
горничной тех персонала,1
тех персонала объектах,1
персонала объектах удаленно,1
объектах удаленно так,1
ориентир полевая недалеко,1
полевая недалеко аэропорта,1
недалеко аэропорта бывшая,1
аэропорта бывшая венгерка,1
бывшая венгерка готовка,1
венгерка готовка обеда,1
готовка обеда сотрудников,1
обеда сотрудников человек,1
сотрудников человек обычная,1
человек обычная домашняя,1
обычная домашняя еда,1
домашняя еда уборка,1
еда уборка офиса,1
высокая коммуникабельность умение,1
коммуникабельность умение легко,1
умение легко ненавязчиво,1
легко ненавязчиво общаться,1
ненавязчиво общаться отзывчивой,1
общаться отзывчивой искренней,1
отзывчивой искренней открытой,1
искренней открытой желание,1
открытой желание расти,1
желание расти hr-направлении,1
расти hr-направлении вы,1
hr-направлении вы будете,1
вы будете подчиняться,1
будете подчиняться face,1
подчиняться face id,1
face id регистрацию,1
id регистрацию сотрудников,1
регистрацию сотрудников сопутствующие,1
сотрудников сопутствующие процессы,1
сопутствующие процессы контроль,1
процессы контроль уборщицы,1
контроль уборщицы чек-листу,1
уборщицы чек-листу выполнение,1
чек-листу выполнение дополнительных,1
выполнение дополнительных задач,1
дополнительных задач hr,1
вынос мусора влажная,1
мусора влажная уборка,1
влажная уборка мытье,1
уборка мытье полов,1
мытье полов генеральная,1
полов генеральная уборка,1
генеральная уборка качественная,1
уборка качественная уборка,1
медицинская книжка пунктуальность,1
книжка пунктуальность вежливость,1
пунктуальность вежливость умение,1
вежливость умение работать,1
умение работать команде,4
работать команде добросовестное,1
команде добросовестное отношение,1
добросовестное отношение рабочим,1
отношение рабочим обязанностям,1
рабочим обязанностям опрятный,1
обязанностям опрятный внешний,1
внешний вид комплексная,1
вид комплексная уборка,1
комплексная уборка помещения,1
уборка помещения мойка,1
помещения мойка пола,1
мойка пола протирание,1
пола протирание пыли,1
протирание пыли вынос,1
пыли вынос мусора,1
иметь людьми идеально,1
людьми идеально если,1
идеально если администратором,1
если администратором банном,1
администратором банном комплексе,1
банном комплексе внимательным,1
комплексе внимательным особенно,1
внимательным особенно работе,1
особенно работе кассой,1
работе кассой выполнение,1
кассой выполнение плана,1
выполнение плана продаж,1
плана продаж приём,1
продаж приём входящих,1
приём входящих звонков,1
входящих звонков электронной,1
звонков электронной почты,1
электронной почты координация,1
почты координация внутренних,1
координация внутренних подразделений,1
внутренних подразделений горничные,1
подразделений горничные пармастера,1
горничные пармастера инженерно-техническая,1
пармастера инженерно-техническая служба,1
инженерно-техническая служба работа,1
служба работа амосрм,1
задачи утpoм подгoтовкa,1
утpoм подгoтовкa магазинa,1
подгoтовкa магазинa oткрытию,1
магазинa oткрытию влажнaя,1
oткрытию влажнaя убоpкa,1
влажнaя убоpкa пoлa,1
убоpкa пoлa тeчениe,1
пoлa тeчениe дня,1
тeчениe дня поддерживaющaя,1
дня поддерживaющaя уборка,1
поддерживaющaя уборка пpотирка,1
уборка пpотирка полочeк,1
пpотирка полочeк cтeллaжей,1
взрослый умный состоявшийся,1
умный состоявшийся человек,1
состоявшийся человек высоким,1
человек высоким уровнем,1
высоким уровнем жизни,1
уровнем жизни вкусом,1
жизни вкусом среда,1
вкусом среда мира,1
среда мира внимание,1
мира внимание деталям,1
внимание деталям осознанность,1
деталям осознанность уровень,1
осознанность уровень системность,1
уровень системность организация,1
системность организация личных,1
организация личных дел,1
личных дел повседневных,1
дел повседневных процессов,1
повседневных процессов регулярная,1
процессов регулярная доставка,1
регулярная доставка цветов,1
доставка цветов семьи,1
цветов семьи подарки,1
семьи подарки взаимодействие,1
подарки взаимодействие персоналом,1
взаимодействие персоналом повар,1
персоналом повар горничная,1
повар горничная водитель,1
внимательность деталям организованность,1
деталям организованность мебели,1
организованность мебели дизайне,1
мебели дизайне строительстве,1
дизайне строительстве или,1
строительстве или смежной,1
или смежной сфере,1
смежной сфере навыки,1
сфере навыки планирования,1
навыки планирования контроля,1
планирования контроля взаимодействие,1
контроля взаимодействие дизайнерской,1
взаимодействие дизайнерской производственной,1
дизайнерской производственной командами,1
производственной командами своевременного,1
командами своевременного выполнения,1
своевременного выполнения заказов,1
выполнения заказов следить,1
заказов следить чистотой,1
следить чистотой порядком,1
чистотой порядком своевременно,1
порядком своевременно давать,1
своевременно давать задачи,1
давать задачи уборщице,1
аккуратность исполнительность конфликтность,2
исполнительность конфликтность опрятный,2
конфликтность опрятный внешний,2
вид клининге менее,1
клининге менее года,1
менее года сбор,1
года сбор мусора,1
сбор мусора выгрузка,1
мусора выгрузка контейнеры,1
выгрузка контейнеры пылесос,1
контейнеры пылесос ковролина,1
пылесос ковролина пол,1
ковролина пол зона,1
пол зона ресепшен,1
зона ресепшен уборка,1
ресепшен уборка туалетов,1
семьях наличие рекомендации,1
наличие рекомендации внимательность,1
рекомендации внимательность деталям,1
внимательность деталям аккуратность,1
деталям аккуратность умение,1
аккуратность умение работать,1
работать команде дисциплинированность,1
команде дисциплинированность проведение,1
дисциплинированность проведение сезонных,1
проведение сезонных генеральных,1
сезонных генеральных уборок,1
генеральных уборок уход,1
уборок уход различными,1
уход различными дорогими,1
различными дорогими поверхностями,1
дорогими поверхностями отделочными,1
поверхностями отделочными материалами,1
отделочными материалами уборка,1
материалами уборка различных,1
уборка различных покрытий,1
различных покрытий удаление,1
покрытий удаление пятен,1
удаление пятен загрязнений,1
основ продуктового менеджмента,1
продуктового менеджмента зачем,1
менеджмента зачем проводятся,1
зачем проводятся custdev,1
проводятся custdev jtbd-исследования,1
custdev jtbd-исследования зачем,1
jtbd-исследования зачем нужны,1
зачем нужны ключевые,1
нужны ключевые метрики,1
ключевые метрики считать,1
метрики считать вместе,1
считать вместе более,1
вместе более опытными,1
более опытными коллегами,1
опытными коллегами вы,1
коллегами вы будете,1
вы будете участвовать,1
будете участвовать всех,1
участвовать всех этапах,1
всех этапах разработки,1
этапах разработки запуска,1
разработки запуска новых,1
запуска новых функций,1
новых функций наших,1
функций наших продуктах,1
сфере уборки года,1
уборки года аккуратность,1
года аккуратность внимательность,2
аккуратность внимательность деталям,2
внимательность деталям умение,2
деталям умение работать,2
работать самостоятельно соблюдать,1
самостоятельно соблюдать график,1
соблюдать график ежедневная,1
график ежедневная влажная,1
ежедневная влажная сухая,2
сухая уборка общих,1
уборка общих зон,2
общих зон душевые,1
зон душевые туалеты,1
душевые туалеты кухни,1
туалеты кухни коридоры,1
кухни коридоры лестницы,1
коридоры лестницы поддержание,1
лестницы поддержание чистоты,1
чистоты порядка хостеле,1
четко грамотно вежливо,1
грамотно вежливо говорите,1
вежливо говорите русском,1
говорите русском языке,1
русском языке уверенный,1
языке уверенный пользователь,1
уверенный пользователь компьютера,1
пользователь компьютера программ,1
компьютера программ word,1
программ word excel,1
word excel аналогичной,1
excel аналогичной должности,1
аналогичной должности номеров,1
должности номеров программе,1
номеров программе выставление,1
программе выставление счетов,1
выставление счетов работа,1
счетов работа документацией,1
работа документацией ведение,1
документацией ведение деловой,1
ведение деловой переписки,1
деловой переписки составление,1
переписки составление отчетов,1
составление отчетов руководителя,1
отчетов руководителя координация,1
руководителя координация отеля,1
координация отеля горничных,1
должен знать правила,1
знать правила использования,1
правила использования средствами,1
использования средствами противопожарной,1
средствами противопожарной защиты,1
противопожарной защиты осуществлять,1
защиты осуществлять руководство,1
осуществлять руководство уборщиков,1
руководство уборщиков прилегающей,1
уборщиков прилегающей территории,1
прилегающей территории электриков,1
территории электриков сантехников,1
электриков сантехников техников,1
сантехников техников хозяйственной,1
техников хозяйственной эксплуатации,1
хозяйственной эксплуатации целью,1
эксплуатации целью достижения,1
целью достижения высокого,1
достижения высокого уровня,1
высокого уровня качества,1
уровня качества оказываемых,1
качества оказываемых услуг,1
обязательно английского языка,1
английского языка уровень,1
языка уровень в1,1
уровень в1 стрессоустойчивость,1
в1 стрессоустойчивость коммуникативность,1
стрессоустойчивость коммуникативность умение,1
коммуникативность умение работать,1
умение работать условиях,1
условиях многозадачности готовность,1
многозадачности готовность интенсивной,1
готовность интенсивной интересной,1
интенсивной интересной работе,1
интересной работе решение,1
работе решение возникающих,1
решение возникающих конфликтных,1
возникающих конфликтных ситуаций,1
конфликтных ситуаций координация,1
ситуаций координация других,1
координация других отделов,1
других отделов например,1
отделов например горничных,1
например горничных или,1
горничных или ремонтных,1
или ремонтных служб,1
ремонтных служб если,1
служб если возникают,1
если возникают проблемы,1
возникают проблемы подготовка,1
проблемы подготовка отчётности,1
подготовка отчётности ведение,1
релевантный позиции администратора,1
позиции администратора хостеса,1
администратора хостеса или,1
хостеса или продажах,1
или продажах аккаунтинге,1
продажах аккаунтинге грамотная,1
аккаунтинге грамотная устная,1
грамотная устная письменная,3
устная письменная речь,3
письменная речь коммуникабельность,1
речь коммуникабельность клиентоориентированность,1
коммуникабельность клиентоориентированность содержание,1
клиентоориентированность содержание студии,1
содержание студии порядке,1
студии порядке нужно,1
порядке нужно следить,1
нужно следить чистотой,1
следить чистотой координировать,1
чистотой координировать приход,1
координировать приход клинера,1
приход клинера самостоятельно,1
клинера самостоятельно всей,1
самостоятельно всей командой,1
всей командой поддерживать,1
командой поддерживать санитарное,1
поддерживать санитарное состояние,1
уборка производственных служебных,1
производственных служебных помещений,1
служебных помещений мытье,2
помещений мытье стен,1
мытье стен окон,1
стен окон графику,1
презентабельный внешний вид,1
внешний вид доброжелательность,1
вид доброжелательность гибкость,1
доброжелательность гибкость скрупулезность,1
гибкость скрупулезность исполнительность,1
скрупулезность исполнительность организация,1
исполнительность организация горничных,1
организация горничных уход,1
горничных уход vip-гардеробом,1
уход vip-гардеробом контроль,1
vip-гардеробом контроль работ,1
контроль работ уборке,1
работ уборке резиденции,1
уборке резиденции помощь,1
резиденции помощь организации,1
помощь организации обслуживании,1
организации обслуживании банкетов,1
обслуживании банкетов резиденции,1
уборке помещений чистоплотность,1
помещений чистоплотность порядочность,1
чистоплотность порядочность умение,1
порядочность умение самостоятельно,1
умение самостоятельно организовать,1
самостоятельно организовать рабочее,1
организовать рабочее время,1
рабочее время осуществлять,1
время осуществлять ежедневную,1
осуществлять ежедневную поддерживающую,1
ежедневную поддерживающую уборку,1
поддерживающую уборку офисно-складских,1
уборку офисно-складских помещений,1
офисно-складских помещений кухня,1
помещений кухня общая,1
кухня общая площадь,1
общая площадь кв,1
площадь кв подметание,1
кв подметание мытье,1
подметание мытье полов,1
мытье полов складе,1
медицинский центр уборщик,1
центр уборщик помещений,1
уборщик помещений приветствуется,1
помещений приветствуется уборка,1
приветствуется уборка помещений,1
уборка помещений кабинеты,1
кабинеты коридоры санузлы,1
коридоры санузлы помощь,1
санузлы помощь медицинским,1
помощь медицинским сестрам,1
уборке офисных помещений,1
офисных помещений уборка,2
помещений уборка офиса,2
уборка офиса общая,1
офиса общая площадь,1
общая площадь около,1
площадь около кв,1
около кв площадь,1
кв площадь распределяется,1
площадь распределяется зонам,1
распределяется зонам ответственности,1
зонам ответственности между,1
ответственности между сотрудниками,1
между сотрудниками работа,1
сотрудниками работа размеренная,1
аккуратность внимательность чистоплотность,1
внимательность чистоплотность дисциплинированность,1
чистоплотность дисциплинированность приветствуется,1
дисциплинированность приветствуется но,1
но обязателен готовность,2
обязателен готовность физической,1
готовность физической активности,1
физической активности ежедневная,1
активности ежедневная влажная,1
сухая уборка зала,1
уборка зала кухни,1
зала кухни санузлов,1
кухни санузлов служебных,1
санузлов служебных помещений,1
служебных помещений поддержание,2
помещений поддержание чистоты,2
поддержание чистоты течение,2
чистоты течение рабочего,1
рабочего дня сбор,1
дня сбор вынос,1
обеспечить порядок чистоту,1
порядок чистоту клинике,1
чистоту клинике пунктуальность,1
клинике пунктуальность чистоплотность,1
пунктуальность чистоплотность аккуратность,1
уверенный пользователь пк,2
пользователь пк программ,1
пк программ microsoft,1
word excel bitrix24,1
excel bitrix24 программы,1
bitrix24 программы документооборот,1
программы документооборот умение,1
документооборот умение пользоваться,1
умение пользоваться электронной,1
пользоваться электронной организация,1
электронной организация офиса,1
организация офиса закуп,1
офиса закуп канцелярии,1
закуп канцелярии быт,1
канцелярии быт химии,1
быт химии координация,1
химии координация уборщицы,1
координация уборщицы оргтехника,1
уборщицы оргтехника канцелярия,1
оргтехника канцелярия чай,1
канцелярия чай кофе,1
чай кофе прием,1
кофе прием обработка,1
прием обработка входящих,1
обработка входящих звонков,1
входящих звонков компанию,1
опытом семьях площадь,1
семьях площадь уборки,1
площадь уборки кв,1
уборки кв зп,1
кв зп руки,1
зп руки уборка,1
руки уборка сухая,1
уборка сухая влажная,2
сухая влажная стирка,1
влажная стирка глажка,1
коммуникабельность пунктуальность доброжелательность,1
пунктуальность доброжелательность хорошее,1
доброжелательность хорошее настроение,1
хорошее настроение клиентоориентированность,1
настроение клиентоориентированность чистоты,1
клиентоориентированность чистоты течении,1
чистоты течении дня,1
течении дня работа,1
дня работа кассой,1
работа кассой следить,1
кассой следить состоянием,1
следить состоянием оборудования,1
состоянием оборудования помощь,1
оборудования помощь мастерам,1
помощь мастерам гостям,1
мастерам гостям контроль,1
гостям контроль качества,1
контроль качества уборки,1
качества уборки помещений,1
уборки помещений уборщицей,1
аккуратность желание работать,2
желание работать обучаться,1
работать обучаться отсутствие,1
обучаться отсутствие противопоказаний,1
отсутствие противопоказаний здоровью,1
противопоказаний здоровью выполнения,1
здоровью выполнения уборочных,1
выполнения уборочных работ,1
уборочных работ уборка,1
работ уборка помещений,1
уборка помещений автосервиса,1
помещений автосервиса поддержание,1
автосервиса поддержание чистоты,1
поддержание чистоты рабочих,1
чистоты рабочих зон,1
рабочих зон клиентских,1
зон клиентских зон,1
клиентских зон вынос,1
зон вынос мусора,1
мусора уборка прилегающей,1
уборка прилегающей территории,1
прилегающей территории соблюдение,1
территории соблюдение санитарных,1
соблюдение санитарных норм,2
дисциплинированность внимание деталям,1
внимание деталям аккуратность,1
деталям аккуратность желание,1
желание работать развиваться,1
работать развиваться ежедневная,1
развиваться ежедневная сухая,1
офисных помещений залов,1
помещений залов фойе,1
залов фойе проходных,1
фойе проходных зон,1
проходных зон поддержание,1
зон поддержание чистоты,1
чистоты порядка время,1
порядка время мероприятий,1
навыки коммуникации умение,1
коммуникации умение работать,1
работать команде стрессоустойчивость,1
команде стрессоустойчивость позитивный,1
стрессоустойчивость позитивный настрой,1
позитивный настрой организованность,1
настрой организованность внимательность,1
организованность внимательность деталям,1
внимательность деталям обязателен,1
деталям обязателен найм,1
обязателен найм адаптация,1
найм адаптация обучение,1
адаптация обучение новых,1
обучение новых сотрудников,1
новых сотрудников официанты,1
сотрудников официанты бармены,1
официанты бармены хостес,1
бармены хостес уборщицы,1
хостес уборщицы составление,1
уборщицы составление графиков,1
составление графиков контроль,1
графиков контроль выхода,1
контроль выхода персонала,1
выхода персонала решение,1
персонала решение конфликтных,1
пользователь пк умение,1
пк умение решать,1
умение решать конфликтные,1
решать конфликтные ситуации,1
конфликтные ситуации работать,1
ситуации работать многозадачном,1
работать многозадачном режиме,1
многозадачном режиме вежливость,1
режиме вежливость доброжелательность,1
вежливость доброжелательность грамотная,1
доброжелательность грамотная речь,1
грамотная речь прием,1
речь прием звонков,1
прием звонков сообщений,1
звонков сообщений электронных,1
сообщений электронных писем,1
электронных писем выставление,1
писем выставление счетов,1
выставление счетов юридических,1
счетов юридических лиц,1
юридических лиц координирование,1
лиц координирование горничных,1
координирование горничных общение,1
горничных общение гостями,1
общение гостями поддержание,1
гостями поддержание атмосферы,1
поддержание атмосферы комфорта,1
трудолюбие исполнительская дисциплина,1
исполнительская дисциплина ежедневная,1
дисциплина ежедневная влажная,1
ежедневная влажная уборка,1
уборка помещений административном,1
помещений административном здании,1
административном здании приготовление,1
здании приготовление моющих,1
приготовление моющих дезинфицирующих,1
моющих дезинфицирующих растворов,1
дезинфицирующих растворов мытье,1
растворов мытье окон,1
мытье окон внутренней,1
окон внутренней стороны,1
порядка использования специальной,1
использования специальной уборочной,1
специальной уборочной техники,1
уборочной техники чистящих,1
техники чистящих моющих,1
чистящих моющих дезинфицирующих,1
моющих дезинфицирующих средств,1
дезинфицирующих средств влажная,1
средств влажная уборка,1
влажная уборка офисного,1
офисного помещения раз,1
помещения раз день,1
раз день среднем,1
день среднем часа,1
среднем часа утилизация,1
часа утилизация мусора,1
утилизация мусора освобождение,1
мусора освобождение мусорных,1
освобождение мусорных корзин,1
мусорных корзин уборка,1
корзин уборка туалетов,1
аккуратность поддержание чистоты,1
поддержание чистоты помещениях,1
чистоты помещениях кабинетов,1
помещениях кабинетов коридоры,1
кабинетов коридоры санузлы,1
коридоры санузлы раздаток,1
санузлы раздаток -общая,1
раздаток -общая площадь,1
-общая площадь кв,1
площадь кв раздача,1
кв раздача еды,1
раздача еды уборка,1
еды уборка посуды,1
трудолюбие исполнительность желателен,1
исполнительность желателен обязателен,1
желателен обязателен медицинских,1
обязателен медицинских учреждениях,1
медицинских учреждениях доброжелательность,1
учреждениях доброжелательность клиникa,1
доброжелательность клиникa прoвoдит,1
клиникa прoвoдит кoнcультaтивный,1
прoвoдит кoнcультaтивный прием,1
кoнcультaтивный прием пациeнтов,1
прием пациeнтов ультрaзвуковыe,1
пациeнтов ультрaзвуковыe исслeдoвания,1
ультрaзвуковыe исслeдoвания aмбулaтoрные,1
исслeдoвания aмбулaтoрные малоинвазивные,1
aмбулaтoрные малоинвазивные операции,1
малоинвазивные операции дезинфекция,1
операции дезинфекция уборка,1
дезинфекция уборка помещений,1
уборка помещений ведение,1
помещений ведение журнала,1
ведение журнала уборки,1
журнала уборки помещений,1
готовность физическому труду,2
физическому труду вежливое,1
труду вежливое отношение,1
вежливое отношение жильцам,1
отношение жильцам подработки,1
жильцам подработки желанию,1
подработки желанию уборка,1
желанию уборка офисов,1
уборка офисов только,1
офисов только работников,1
только работников уборка,1
работников уборка подъезда,1
уборка подъезда жилом,1
подъезда жилом комплексе,1
уборщиком года аккуратность,1
работать самостоятельно команде,1
самостоятельно команде доброжелательность,1
команде доброжелательность вежливость,1
доброжелательность вежливость ежедневная,1
вежливость ежедневная уборка,1
ежедневная уборка общих,1
общих зон лобби,1
зон лобби лестничные,1
лобби лестничные клетки,1
лестничные клетки лифты,1
клетки лифты холлы,1
лифты холлы поддержание,1
холлы поддержание чистоты,1
поддержание чистоты прилегающей,1
чистоты прилегающей территории,1
прилегающей территории уборка,1
территории уборка мусора,1
уборка мусора подметание,1
мусора подметание контроль,1
подметание контроль наличия,1
полное среднее образование,1
среднее образование норм,1
образование норм делового,1
норм делового этикета,1
делового этикета чистящими,1
этикета чистящими средствами,1
чистящими средствами разговорный,1
средствами разговорный английский,1
разговорный английский язык,1
английский язык приветствуется,1
язык приветствуется уборка,1
приветствуется уборка офисного,1
офисного помещения пополнение,1
помещения пополнение товарных,1
пополнение товарных запасов,1
обязателен всему готовы,1
всему готовы обучить,1
готовы обучить сами,1
обучить сами но,1
сами но большим,1
но большим плюсом,1
большим плюсом коммуникабельность,1
плюсом коммуникабельность стрессоустойчивость,1
коммуникабельность стрессоустойчивость поиск,1
стрессоустойчивость поиск подбор,1
поиск подбор персонала,1
подбор персонала актуализация,1
персонала актуализация базы,1
актуализация базы линейных,1
базы линейных сотрудников,1
линейных сотрудников формирование,1
сотрудников формирование бригад,1
формирование бригад контроль,1
бригад контроль выхода,1
контроль выхода сотрудников,1
выхода сотрудников объекты,1
сотрудников объекты учет,1
объекты учет рабочего,1
учет рабочего времени,1
рабочего времени сотрудников,1
первыми лицами компании,1
лицами компании понимание,1
компании понимание продукта,1
понимание продукта люксового,1
продукта люксового уровня,1
люксового уровня любой,1
уровня любой сфере,1
любой сфере английского,1
сфере английского языка,1
английского языка ниже,1
языка ниже в2,1
ниже в2 помощь,1
в2 помощь проведении,1
помощь проведении корпоративных,1
проведении корпоративных деловых,1
корпоративных деловых мероприятий,1
деловых мероприятий контроль,1
мероприятий контроль уборщиц,1
контроль уборщиц поддержание,1
уборщиц поддержание благоприятной,1
поддержание благоприятной обстановки,1
благоприятной обстановки коллективе,1
обстановки коллективе активное,1
коллективе активное участие,1
активное участие жизни,1
участие жизни офиса,1
чистоплотность исполнительность внимательность,1
исполнительность внимательность активность,1
внимательность активность конфликтность,1
активность конфликтность внимательность,1
конфликтность внимательность деталям,1
внимательность деталям года,1
деталям года уборка,1
года уборка служебных,1
уборка служебных помещений,3
служебных помещений офиса,1
помещений офиса кабинета,1
офиса кабинета один,1
кабинета один vip,1
один vip кабинет,1
vip кабинет пoддержаниe,1
кабинет пoддержаниe пopядка,1
пoддержаниe пopядка чиcтoты,1
пopядка чиcтoты меcтаx,1
чиcтoты меcтаx oбщегo,1
меcтаx oбщегo пользoвaния,1
oбщегo пользoвaния прoвeдeние,1
пользoвaния прoвeдeние суxой,1
внешний вид уборки,1
вид уборки вип,1
уборки вип кабинетов,1
вип кабинетов качественная,1
кабинетов качественная уборка,1
качественная уборка офисов,1
уборка офисов помещении,1
офисов помещении класса,1
помещении класса рабочих,1
класса рабочих кабинетов,1
рабочих кабинетов входных,1
кабинетов входных тамбуров,1
входных тамбуров холлов,1
тамбуров холлов коридоров,1
холлов коридоров лестниц,1
коридоров лестниц санузлов,1
лестниц санузлов гардеробных,1
санузлов гардеробных др,1
чистоплотная исполнительная трудолюбивая,1
исполнительная трудолюбивая спокойная,1
трудолюбивая спокойная отсутствии,1
спокойная отсутствии основных,1
отсутствии основных сотрудников,1
основных сотрудников время,1
сотрудников время отпусков,1
время отпусков болезни,1
отпусков болезни совместно,1
болезни совместно другими,1
совместно другими уборщицами,1
другими уборщицами убирается,1
уборщицами убирается отсутствующего,1
убирается отсутствующего работника,1
отсутствующего работника дополнительную,1
работника дополнительную плату,1
понимание особенностей применения,1
особенностей применения бытовой,1
применения бытовой химии,1
бытовой химии направлении,1
химии направлении клининга,1
направлении клининга года,1
клининга года ответственный,1
года ответственный подход,1
ответственный подход работе,1
подход работе честность,1
работе честность исполнительность,1
честность исполнительность уборка,1
исполнительность уборка производственных,1
уборка производственных помещений,2
производственных помещений уборка,1
уборка офиса уборка,1
офиса уборка сан,1
уборка сан узлов,1
сан узлов мытье,1
узлов мытье посуды,1
мытье посуды кофемашины,1
уборка торгового зала,1
торгового зала офиса,1
зала офиса склада,1
офиса склада подсобных,1
склада подсобных помещений,1
подсобных помещений мытьё,1
помещений мытьё полов,1
мытьё полов протирка,1
полов протирка поверхностей,1
протирка поверхностей уборка,1
поверхностей уборка санузлов,1
уборка санузлов поддержание,1
санузлов поддержание чистоты,1
поддержание чистоты холодильников,1
чистоты холодильников витрин,1
холодильников витрин весового,1
аналогичной должности любовь,1
должности любовь чистоте,1
любовь чистоте трудолюбие,1
чистоте трудолюбие готовность,1
трудолюбие готовность физическому,1
физическому труду влажная,1
труду влажная генеральная,1
влажная генеральная уборка,1
генеральная уборка офиса,1
уборка офиса поддержание,1
офиса поддержание чистоты,1
поддержание чистоты кабинетах,1
чистоты кабинетах отделах,1
кабинетах отделах других,1
отделах других помещениях,1
других помещениях офисе,1
помещениях офисе течение,1
офисе течение дня,1
течение дня уборка,1
дня уборка санузлов,1
аккуратность отсутствие противопоказаний,1
отсутствие противопоказаний физическому,1
противопоказаний физическому труду,1
физическому труду внимательность,1
труду внимательность деталям,1
внимательность деталям пунктуальность,1
деталям пунктуальность уборка,1
пунктуальность уборка поддержание,1
поддержание чистоты служебных,1
чистоты служебных помещений,1
помещений мытье полов,1
мытье полов протирание,1
полов протирание поверхностей,1
протирание поверхностей вынос,1
поверхностей вынос мусора,1
вынос мусора соблюдение,1
мусора соблюдение санитарных,1
санитарных норм правил,1
норм правил контроль,1
правил контроль наличия,1
контроль наличия необходимых,1
английский в2 грамотная,1
в2 грамотная устная,1
письменная речь стрессоустойчивость,1
речь стрессоустойчивость аккуратность,1
стрессоустойчивость аккуратность высокий,1
аккуратность высокий уровень,1
высокий уровень деликатности,1
уровень деликатности умение,1
деликатности умение решать,1
умение решать задачи,1
решать задачи режиме,1
задачи режиме многозадачности,1
режиме многозадачности управление,1
многозадачности управление домашним,1
управление домашним персоналом,1
домашним персоналом няни,1
персоналом няни репетиторы,1
няни репетиторы учителя,1
репетиторы учителя водители,1
учителя водители клинеры,1
водители клинеры контроль,1
клинеры контроль питания,1
контроль питания составление,1
питания составление плана,1
составление плана питания,1
плана питания организация,1
питания организация тренировок,1
организация тренировок ведение,1
тренировок ведение календаря,1
ведение календаря встреч,1
календаря встреч напоминаний,1
энергичность порядочность хозяйственность,1
порядочность хозяйственность уборка,1
хозяйственность уборка склада,1
уборка склада поддержание,1
склада поддержание порядка,1
поддержание порядка чистоты,1
порядка чистоты складе,1
аккуратность внимательность уборщицей,1
внимательность уборщицей преимуществом,1
уборщицей преимуществом но,1
преимуществом но обязателен,1
обязателен готовность работать,1
готовность работать физически,1
работать физически вежливость,1
физически вежливость корректность,1
вежливость корректность общении,1
корректность общении ежедневная,1
общении ежедневная уборка,1
ежедневная уборка мест,1
уборка мест общего,1
мест общего пользования,2
общего пользования подъезды,1
пользования подъезды холлы,1
подъезды холлы лифтовые,1
холлы лифтовые зоны,1
лифтовые зоны коридоры,1
зоны коридоры контроль,1
коридоры контроль наличия,1
расходных материалов информирование,1
материалов информирование необходимости,1
информирование необходимости пополнения,1
аккуратность дисциплинированность трудолюбие,1
дисциплинированность трудолюбие уборка,1
трудолюбие уборка служебных,1
грамотную речь умение,1
речь умение убеждать,1
умение убеждать стрессоустойчивость,1
убеждать стрессоустойчивость способность,1
стрессоустойчивость способность решать,1
способность решать конфликты,1
решать конфликты ориентацию,1
конфликты ориентацию результат,1
ориентацию результат умение,1
результат умение работать,1
умение работать режиме,1
работать режиме многозадачности,2
режиме многозадачности ты,1
многозадачности ты формируешь,1
ты формируешь мнение,1
формируешь мнение клиентов,1
мнение клиентов компании,1
клиентов компании делая,1
компании делая отдых,1
делая отдых незабываемым,1
отдых незабываемым горничные,1
незабываемым горничные оперативная,1
горничные оперативная подготовка,1
оперативная подготовка квартир,1
подготовка квартир заселению,1
квартир заселению хаус-мастер,1
заселению хаус-мастер решение,1
хаус-мастер решение технических,1
лет рф рб,1
рф рб исполнительная,1
рб исполнительная скромная,1
исполнительная скромная тщательная,1
скромная тщательная уборка,1
тщательная уборка сухая,1
сухая влажная генеральная,1
влажная генеральная поддерживающая,1
генеральная поддерживающая работа,1
поддерживающая работа сложными,1
работа сложными поверхностями,1
сложными поверхностями стирка,1
поверхностями стирка глажка,1
стирка глажка поддержание,1
глажка поддержание чистоты,1
поддержание чистоты приготовление,1
чистоты приготовление еды,1
приготовление еды обед,1
желателен мойщиком посуды,1
мойщиком посуды ресторанах,1
посуды ресторанах общепите,1
ресторанах общепите года,1
общепите года выносливость,1
года выносливость умение,1
выносливость умение работать,1
работать команде обучаемость,1
команде обучаемость мытье,1
обучаемость мытье столовой,1
мытье столовой посуды,1
столовой посуды применением,1
посуды применением моющих,1
применением моющих средств,1
моющих средств течение,1
средств течение всего,1
течение всего рабочего,1
всего рабочего дня,1
рабочего дня поддержание,1
дня поддержание чистоты,1
поддержание чистоты зале,1
чистоты зале кухне,1
обеспечение оптимальных условий,1
оптимальных условий хранения,1
условий хранения применяемых,1
хранения применяемых моющих,1
применяемых моющих чистящих,1
моющих чистящих средств,1
чистящих средств обеспечение,1
средств обеспечение проведения,1
обеспечение проведения регулярных,1
проведения регулярных уборок,1
регулярных уборок соответствии,1
уборок соответствии санитарными,1
соответствии санитарными нормативами,1
кофе-леди официантом лет,1
официантом лет руководством,1
лет руководством основ,1
руководством основ сервировки,1
основ сервировки подачи,1
сервировки подачи напитков,1
подачи напитков контроль,1
напитков контроль наличия,1
контроль наличия продуктов,1
наличия продуктов чая,1
продуктов чая кофе,1
чая кофе приборов,1
кофе приборов посуды,1
приборов посуды обслуживание,1
посуды обслуживание руководства,1
обслуживание руководства гостей,1
руководства гостей компании,1
гостей компании сотрудников,1
компании сотрудников взаимодействие,1
сотрудников взаимодействие уборщицей,1
взаимодействие уборщицей необходимости,1
уборке чистки мебели,1
чистки мебели текстиля,1
мебели текстиля навыки,1
текстиля навыки выведения,1
навыки выведения пятен,1
выведения пятен дорогих,1
пятен дорогих тканей,1
дорогих тканей стирки,1
тканей стирки глажки,1
стирки глажки дорогих,1
глажки дорогих тканей,1
дорогих тканей уборка,1
тканей уборка дома,1
уборка дома графике,1
дома графике стирка,1
графике стирка глажка,1
высшее образование пк,1
образование пк офисной,1
пк офисной оргтехники,1
офисной оргтехники грамотная,1
оргтехники грамотная устная,1
письменная речь обеспечение,1
речь обеспечение жизнедеятельности,1
обеспечение жизнедеятельности офиса,1
жизнедеятельности офиса закупка,1
офиса закупка воды,1
закупка воды канцтоваров,1
воды канцтоваров мебели,1
канцтоваров мебели необходимости,1
мебели необходимости организация,1
необходимости организация обслуживающего,1
организация обслуживающего персонала,1
обслуживающего персонала офиса,1
персонала офиса уборщицы,1
офиса уборщицы грузчики,1
уборщицы грузчики учёт,1
грузчики учёт распределение,1
учёт распределение поступающей,1
именно кинотеатре обязательно,1
кинотеатре обязательно ты,1
обязательно ты ответственный,1
ты ответственный дисциплинированный,1
ответственный дисциплинированный шустрый,1
дисциплинированный шустрый умеешь,1
шустрый умеешь держать,1
умеешь держать процесс,1
держать процесс под,1
процесс под контролем,1
под контролем любишь,1
контролем любишь порядок,1
любишь порядок умеешь,1
порядок умеешь руководить,1
умеешь руководить следить,1
руководить следить работой,1
следить работой сотрудников,1
работой сотрудников смене,1
сотрудников смене кассиры,1
смене кассиры билетёры,1
кассиры билетёры клинеры,1
билетёры клинеры чтобы,1
клинеры чтобы всё,1
чтобы всё шло,1
всё шло ровно,1
шло ровно слаженно,1
ровно слаженно делать,1
слаженно делать заказы,1
делать заказы расходных,1
заказы расходных материалов,1
качественной уборки приветствуется,1
уборки приветствуется уборка,1
приветствуется уборка поддержание,1
поддержание чистоты рабочего,1
чистоты рабочего состояния,1
рабочего состояния мест,1
состояния мест общего,1
общего пользования отеле,1
пользования отеле холлы,1
отеле холлы банкетные,1
холлы банкетные залы,1
банкетные залы либо,1
залы либо спа-центре,1
либо спа-центре душевые,1
спа-центре душевые зона,1
операционного управления или,1
управления или управления,1
или управления подразделениями,1
управления подразделениями лет,1
подразделениями лет системный,1
лет системный подход,1
системный подход умение,1
подход умение внедрять,1
умение внедрять процедуры,1
внедрять процедуры контролировать,1
процедуры контролировать сроки,1
контролировать сроки способность,1
сроки способность держать,1
способность держать фокус,1
держать фокус руководство,1
фокус руководство операционной,1
руководство операционной деятельностью,1
операционной деятельностью компании,1
деятельностью компании технические,1
компании технические службы,1
технические службы дворники,1
службы дворники диспетчеры,1
дворники диспетчеры аварийка,1
диспетчеры аварийка бухгалтерия,1
аварийка бухгалтерия подрядчики,1
бухгалтерия подрядчики контроль,1
подрядчики контроль исполнения,1
контроль исполнения заявок,1
исполнения заявок договоров,1
заявок договоров обращений,1
договоров обращений жителей,1
обращений жителей наведение,1
жителей наведение порядка,1
загородный дом ищем,1
дом ищем горничную,1
ищем горничную опытом,1
горничную опытом возможностью,1
опытом возможностью выезда,1
возможностью выезда заграницу,1
выезда заграницу домах,1
заграницу домах кв,1
домах кв уборка,1
кв уборка дома,1
уборка дома спа,1
дома спа комплекса,1
спа комплекса смена,1
комплекса смена постельного,1
смена постельного белья,1
постельного белья стирка,1
белья стирка глажка,1
стирка глажка домашнего,1
глажка домашнего текстиля,1
домашнего текстиля помощь,1
текстиля помощь сборе,1
помощь сборе разборе,1
сборе разборе чемоданов,1
разборе чемоданов выполнение,1
чемоданов выполнение поручений,1
помещений уборка производственных,1
обязателен года без,1
года без опыта,1
без опыта рекрутинге,1
опыта рекрутинге рассматриваем,1
рекрутинге рассматриваем ждем,1
рассматриваем ждем вас,1
ждем вас готовность,1
вас готовность работать,1
готовность работать режиме,1
режиме многозадачности ваши,1
многозадачности ваши задачи,1
ваши задачи закрытие,1
задачи закрытие заявок,1
закрытие заявок персонал,1
заявок персонал подбор,1
персонал подбор персонала,1
подбор персонала объектам,1
персонала объектам компании,1
объектам компании лгр-групп,1
компании лгр-групп взаимодействие,1
лгр-групп взаимодействие контактными,1
взаимодействие контактными лицами,1
осуществлять уборку закреплённого,1
уборку закреплённого участка,1
закреплённого участка удалять,1
участка удалять пыль,1
удалять пыль подметает,1
моет вручную или,1
или помощью машин,1
помощью машин приспособлений,1
машин приспособлений стены,1
приспособлений стены полы,1
стены полы потолки,1
полы потолки оконные,1
наличие действующей санитарной,1
действующей санитарной книжки,1
санитарной книжки или,1
книжки или готовность,1
или готовность её,1
готовность её оформить,1
её оформить желание,1
оформить желание работать,1
желание работать уборка,1
работать уборка служебных,1
чистоты течение дня,1
должности администратора менеджера,1
администратора менеджера смены,1
менеджера смены старшего,1
смены старшего официанта,1
старшего официанта или,1
официанта или аналогичной,1
или аналогичной роли,1
аналогичной роли года,1
роли года умение,1
года умение работать,1
умение работать pos-системами,1
работать pos-системами контроль,1
pos-системами контроль чистоты,1
контроль чистоты залов,1
чистоты залов зон,1
залов зон общего,1
зон общего пользования,1
общего пользования взаимодействие,1
пользования взаимодействие уборщицей,1
взаимодействие уборщицей пробитие,1
уборщицей пробитие заказов,1
пробитие заказов pos-системе,1
заказов pos-системе контроль,1
pos-системе контроль наличия,1
расходных материалов бумага,1
пунктуальность уборка производственного,1
уборка производственного помещения,1
руководит работой уборщиц,1
работой уборщиц содержанию,1
уборщиц содержанию чистоте,1
содержанию чистоте подразделения,1
чистоте подразделения обеспечивает,1
подразделения обеспечивает обслуживаемое,1
обеспечивает обслуживаемое подразделение,1
обслуживаемое подразделение хозяйственным,1
подразделение хозяйственным инвентарем,1
хозяйственным инвентарем спецодеждой,1
инвентарем спецодеждой предметами,1
спецодеждой предметами гигиены,1
предметами гигиены канцелярскими,1
гигиены канцелярскими принадлежностями,1
канцелярскими принадлежностями моющими,1
принадлежностями моющими средствами,1
среднее профессиональное образование,1
профессиональное образование программы,2
образование программы подготовки,1
программы подготовки специалистов,1
подготовки специалистов среднего,1
специалистов среднего звена,1
среднего звена либо,1
звена либо высшее,1
либо высшее образование,1
высшее образование бакалавриат,1
образование бакалавриат дополнительное,1
бакалавриат дополнительное профессиональное,1
дополнительное профессиональное образование,1
образование программы профессиональной,1
программы профессиональной переподготовки,1
профессиональной переподготовки контроль,1
переподготовки контроль офиса,1
контроль офиса взаимодействие,1
офиса взаимодействие техническим,1
взаимодействие техническим персоналом,1
техническим персоналом уборщицы,1
персоналом уборщицы хаус-мастера,1
уборщицы хаус-мастера управляющая,1
хаус-мастера управляющая компания,1
управляющая компания встреча,1
компания встреча гостей,1
встреча гостей офиса,1
гостей офиса формирование,1
офиса формирование заявок,1
формирование заявок пропусков,1
аккуратность чистоплотность исполнительность,1
чистоплотность исполнительность уборка,1
исполнительность уборка офисных,1
сухая влажная кабинеты,1
влажная кабинеты лаборатория,1
кабинеты лаборатория зона,1
лаборатория зона производства,1
зона производства поддержание,1
производства поддержание чистоты,1
поддержание чистоты обработка,1
чистоты обработка стеллажей,1
обработка стеллажей полок,1
стеллажей полок мест,1
полок мест хранения,1
мест хранения производство,1
хранения производство чистое,1
производство чистое медицинские,1
чистое медицинские изделия,1
готовность открыть ип,1
открыть ип успешной,1
ип успешной адаптации,1
успешной адаптации посуточной,1
адаптации посуточной арендой,1
посуточной арендой минимальная,1
арендой минимальная правовая,1
минимальная правовая грамотность,1
правовая грамотность чувство,1
грамотность чувство интерьерного,1
чувство интерьерного стиля,1
интерьерного стиля организация,1
стиля организация бесперебойной,1
организация бесперебойной объектов,1
бесперебойной объектов поиск,1
объектов поиск найм,1
поиск найм горничных,1
найм горничных организация,1
горничных организация мелких,1
организация мелких ремонтных,1
мелких ремонтных работ,1
ремонтных работ помещениях,1
работ помещениях взаимодействие,1
помещениях взаимодействие собственниками,1
взаимодействие собственниками возникающим,1
